-- LONG SEED for comprehensive testing
-- 100 users: 5 admins, 25 instructors, 70 students
-- Multiple courses, sections, enrollments, and grades
SET FOREIGN_KEY_CHECKS = 0;
CREATE DATABASE IF NOT EXISTS `erp_db`;
USE `erp_db`;

-- Settings
DELETE FROM `settings` WHERE setting_key IN ('maintenance_on','alert');
INSERT INTO `settings` (setting_key, setting_value) VALUES ('maintenance_on','false'), ('alert','Long-seed: comprehensive demo data with 100 users');

-- Courses (20 courses across departments)
DELETE FROM `courses` WHERE course_id IS NOT NULL;
INSERT INTO `courses` (course_id, code, title, credits) VALUES
(1,'CS101','Intro to Programming',4),
(2,'CS102','Data Structures',4),
(3,'CS201','Algorithms',4),
(4,'CS202','Database Systems',3),
(5,'CS301','Operating Systems',4),
(6,'CS302','Computer Networks',3),
(7,'EE101','Circuit Theory',4),
(8,'EE102','Digital Electronics',3),
(9,'EE201','Signal Processing',4),
(10,'EE301','Control Systems',3),
(11,'MA101','Calculus I',4),
(12,'MA102','Linear Algebra',3),
(13,'MA201','Probability',3),
(14,'PH101','Physics I',4),
(15,'PH102','Physics II',4),
(16,'ME101','Engineering Mechanics',3),
(17,'CH101','Chemistry',3),
(18,'HS101','Communication Skills',2),
(19,'MG101','Engineering Economics',2),
(20,'CS401','Machine Learning',4);

-- Instructors (profiles linked to Auth DB user_ids 2, 5-28)
DELETE FROM `instructors` WHERE user_id BETWEEN 2 AND 28;
INSERT INTO `instructors` (user_id, department) VALUES
(2,'Computer Science'),
(5,'Computer Science'),
(6,'Computer Science'),
(7,'Computer Science'),
(8,'Computer Science'),
(9,'Computer Science'),
(10,'Electrical Engineering'),
(11,'Electrical Engineering'),
(12,'Electrical Engineering'),
(13,'Electrical Engineering'),
(14,'Mathematics'),
(15,'Mathematics'),
(16,'Mathematics'),
(17,'Physics'),
(18,'Physics'),
(19,'Mechanical Engineering'),
(20,'Mechanical Engineering'),
(21,'Chemistry'),
(22,'Humanities'),
(23,'Management'),
(24,'Computer Science'),
(25,'Electrical Engineering'),
(26,'Mathematics'),
(27,'Computer Science'),
(28,'Computer Science');

-- Students (profiles linked to Auth DB user ids 3, 4, 29-96)
DELETE FROM `students` WHERE user_id BETWEEN 3 AND 96;
INSERT INTO `students` (user_id, roll_no, program, year) VALUES
(3,'2024001','B.Tech CS',2),
(4,'2024002','M.Tech CS',1),
(29,'2024003','B.Tech CS',1),
(30,'2024004','B.Tech CS',1),
(31,'2024005','B.Tech CS',2),
(32,'2024006','B.Tech CS',2),
(33,'2024007','B.Tech CS',3),
(34,'2024008','B.Tech CS',3),
(35,'2024009','B.Tech CS',4),
(36,'2024010','B.Tech CS',4),
(37,'2024011','B.Tech EE',1),
(38,'2024012','B.Tech EE',1),
(39,'2024013','B.Tech EE',2),
(40,'2024014','B.Tech EE',2),
(41,'2024015','B.Tech EE',3),
(42,'2024016','B.Tech EE',3),
(43,'2024017','B.Tech EE',4),
(44,'2024018','B.Tech EE',4),
(45,'2024019','B.Tech ME',1),
(46,'2024020','B.Tech ME',1),
(47,'2024021','B.Tech ME',2),
(48,'2024022','B.Tech ME',2),
(49,'2024023','B.Tech ME',3),
(50,'2024024','B.Tech ME',3),
(51,'2024025','B.Tech ME',4),
(52,'2024026','B.Tech ME',4),
(53,'2024027','M.Tech CS',1),
(54,'2024028','M.Tech CS',1),
(55,'2024029','M.Tech CS',2),
(56,'2024030','M.Tech CS',2),
(57,'2024031','M.Tech EE',1),
(58,'2024032','M.Tech EE',1),
(59,'2024033','M.Tech EE',2),
(60,'2024034','M.Tech EE',2),
(61,'2024035','B.Tech CS',1),
(62,'2024036','B.Tech CS',2),
(63,'2024037','B.Tech CS',3),
(64,'2024038','B.Tech CS',4),
(65,'2024039','B.Tech EE',1),
(66,'2024040','B.Tech EE',2),
(67,'2024041','B.Tech EE',3),
(68,'2024042','B.Tech EE',4),
(69,'2024043','B.Tech ME',1),
(70,'2024044','B.Tech ME',2),
(71,'2024045','B.Tech ME',3),
(72,'2024046','B.Tech ME',4),
(73,'2024047','M.Tech CS',1),
(74,'2024048','M.Tech CS',2),
(75,'2024049','M.Tech EE',1),
(76,'2024050','M.Tech EE',2),
(77,'2024051','B.Tech CS',1),
(78,'2024052','B.Tech CS',2),
(79,'2024053','B.Tech CS',3),
(80,'2024054','B.Tech CS',4),
(81,'2024055','B.Tech EE',1),
(82,'2024056','B.Tech EE',2),
(83,'2024057','B.Tech EE',3),
(84,'2024058','B.Tech EE',4),
(85,'2024059','B.Tech ME',1),
(86,'2024060','B.Tech ME',2),
(87,'2024061','B.Tech ME',3),
(88,'2024062','B.Tech ME',4),
(89,'2024063','M.Tech CS',1),
(90,'2024064','M.Tech CS',2),
(91,'2024065','M.Tech EE',1),
(92,'2024066','M.Tech EE',2),
(93,'2024067','B.Tech CS',1),
(94,'2024068','B.Tech EE',2),
(95,'2024069','B.Tech ME',3),
(96,'2024070','M.Tech CS',1);

-- Sections (40 sections across courses)
DELETE FROM `sections` WHERE section_id BETWEEN 1 AND 40;
INSERT INTO `sections` (section_id, course_id, instructor_id, day_time, room, capacity, semester, year) VALUES
(1,1,2,'Mon/Wed 10:00','A-101',50,'Fall',2025),
(2,1,5,'Tue/Thu 14:00','A-102',50,'Fall',2025),
(3,2,6,'Mon/Wed 11:00','A-103',45,'Fall',2025),
(4,2,7,'Tue/Thu 10:00','A-104',45,'Fall',2025),
(5,3,8,'Mon/Wed 14:00','A-105',40,'Fall',2025),
(6,4,9,'Tue/Thu 11:00','A-106',40,'Fall',2025),
(7,5,24,'Mon/Wed 15:00','A-107',35,'Fall',2025),
(8,6,27,'Tue/Thu 15:00','A-108',35,'Fall',2025),
(9,7,10,'Mon/Wed 09:00','B-101',50,'Fall',2025),
(10,7,11,'Tue/Thu 09:00','B-102',50,'Fall',2025),
(11,8,12,'Mon/Wed 13:00','B-103',45,'Fall',2025),
(12,9,13,'Tue/Thu 13:00','B-104',40,'Fall',2025),
(13,10,25,'Mon/Wed 16:00','B-105',35,'Fall',2025),
(14,11,14,'Mon/Wed 08:00','C-101',60,'Fall',2025),
(15,11,15,'Tue/Thu 08:00','C-102',60,'Fall',2025),
(16,12,16,'Mon/Wed 12:00','C-103',55,'Fall',2025),
(17,13,26,'Tue/Thu 12:00','C-104',50,'Fall',2025),
(18,14,17,'Mon/Wed 10:00','D-101',55,'Fall',2025),
(19,15,18,'Tue/Thu 14:00','D-102',55,'Fall',2025),
(20,16,19,'Mon/Wed 11:00','E-101',50,'Fall',2025),
(21,16,20,'Tue/Thu 11:00','E-102',50,'Fall',2025),
(22,17,21,'Mon/Wed 09:00','F-101',60,'Fall',2025),
(23,18,22,'Tue/Thu 16:00','G-101',70,'Fall',2025),
(24,19,23,'Mon/Wed 17:00','G-102',70,'Fall',2025),
(25,20,28,'Tue/Thu 10:00','A-109',30,'Fall',2025),
(26,1,2,'Mon/Wed 10:00','A-101',50,'Spring',2025),
(27,2,5,'Tue/Thu 14:00','A-102',50,'Spring',2025),
(28,3,6,'Mon/Wed 11:00','A-103',45,'Spring',2025),
(29,4,7,'Tue/Thu 10:00','A-104',45,'Spring',2025),
(30,5,8,'Mon/Wed 14:00','A-105',40,'Spring',2025),
(31,7,10,'Mon/Wed 09:00','B-101',50,'Spring',2025),
(32,8,11,'Tue/Thu 09:00','B-102',50,'Spring',2025),
(33,11,14,'Mon/Wed 08:00','C-101',60,'Spring',2025),
(34,12,15,'Tue/Thu 08:00','C-102',60,'Spring',2025),
(35,14,17,'Mon/Wed 10:00','D-101',55,'Spring',2025),
(36,15,18,'Tue/Thu 14:00','D-102',55,'Spring',2025),
(37,16,19,'Mon/Wed 11:00','E-101',50,'Spring',2025),
(38,17,21,'Mon/Wed 09:00','F-101',60,'Spring',2025),
(39,18,22,'Tue/Thu 16:00','G-101',70,'Spring',2025),
(40,20,28,'Tue/Thu 10:00','A-109',30,'Spring',2025);

-- Enrollments (200+ enrollments)
DELETE FROM `enrollments` WHERE enrollment_id BETWEEN 1 AND 250;
INSERT INTO `enrollments` (enrollment_id, student_id, section_id, status) VALUES
-- Section 1 enrollments (CS101 Fall)
(1,3,1,'enrolled'),
(2,29,1,'enrolled'),
(3,30,1,'enrolled'),
(4,61,1,'enrolled'),
(5,77,1,'enrolled'),
(6,93,1,'enrolled'),
-- Section 2 enrollments (CS101 Fall)
(7,31,2,'enrolled'),
(8,32,2,'enrolled'),
(9,62,2,'enrolled'),
(10,78,2,'enrolled'),
-- Section 3 enrollments (CS102 Fall)
(11,31,3,'enrolled'),
(12,32,3,'enrolled'),
(13,62,3,'enrolled'),
(14,78,3,'enrolled'),
(15,3,3,'enrolled'),
-- Section 4 enrollments (CS102 Fall)
(16,33,4,'enrolled'),
(17,34,4,'enrolled'),
(18,63,4,'enrolled'),
(19,79,4,'enrolled'),
-- Section 5 enrollments (CS201 Fall)
(20,33,5,'enrolled'),
(21,34,5,'enrolled'),
(22,63,5,'enrolled'),
(23,79,5,'enrolled'),
-- Section 6 enrollments (CS202 Fall)
(24,35,6,'enrolled'),
(25,36,6,'enrolled'),
(26,64,6,'enrolled'),
(27,80,6,'enrolled'),
-- Section 7 enrollments (CS301 Fall)
(28,35,7,'enrolled'),
(29,36,7,'enrolled'),
(30,64,7,'enrolled'),
(31,80,7,'enrolled'),
-- Section 8 enrollments (CS302 Fall)
(32,4,8,'enrolled'),
(33,53,8,'enrolled'),
(34,54,8,'enrolled'),
(35,73,8,'enrolled'),
(36,89,8,'enrolled'),
(37,96,8,'enrolled'),
-- Section 9 enrollments (EE101 Fall)
(38,37,9,'enrolled'),
(39,38,9,'enrolled'),
(40,65,9,'enrolled'),
(41,81,9,'enrolled'),
-- Section 10 enrollments (EE101 Fall)
(42,39,10,'enrolled'),
(43,40,10,'enrolled'),
(44,66,10,'enrolled'),
(45,82,10,'enrolled'),
-- Section 11 enrollments (EE102 Fall)
(46,39,11,'enrolled'),
(47,40,11,'enrolled'),
(48,66,11,'enrolled'),
(49,82,11,'enrolled'),
-- Section 12 enrollments (EE201 Fall)
(50,41,12,'enrolled'),
(51,42,12,'enrolled'),
(52,67,12,'enrolled'),
(53,83,12,'enrolled'),
-- Section 13 enrollments (EE301 Fall)
(54,43,13,'enrolled'),
(55,44,13,'enrolled'),
(56,68,13,'enrolled'),
(57,84,13,'enrolled'),
-- Section 14 enrollments (MA101 Fall)
(58,29,14,'enrolled'),
(59,30,14,'enrolled'),
(60,37,14,'enrolled'),
(61,38,14,'enrolled'),
(62,45,14,'enrolled'),
(63,46,14,'enrolled'),
(64,61,14,'enrolled'),
(65,65,14,'enrolled'),
(66,69,14,'enrolled'),
(67,77,14,'enrolled'),
(68,81,14,'enrolled'),
(69,85,14,'enrolled'),
(70,93,14,'enrolled'),
-- Section 15 enrollments (MA101 Fall)
(71,31,15,'enrolled'),
(72,32,15,'enrolled'),
(73,39,15,'enrolled'),
(74,40,15,'enrolled'),
(75,47,15,'enrolled'),
(76,48,15,'enrolled'),
(77,62,15,'enrolled'),
(78,66,15,'enrolled'),
(79,70,15,'enrolled'),
(80,78,15,'enrolled'),
(81,82,15,'enrolled'),
(82,86,15,'enrolled'),
-- Section 16 enrollments (MA102 Fall)
(83,3,16,'enrolled'),
(84,31,16,'enrolled'),
(85,32,16,'enrolled'),
(86,39,16,'enrolled'),
(87,40,16,'enrolled'),
(88,47,16,'enrolled'),
(89,62,16,'enrolled'),
(90,66,16,'enrolled'),
(91,78,16,'enrolled'),
(92,82,16,'enrolled'),
-- Section 17 enrollments (MA201 Fall)
(93,33,17,'enrolled'),
(94,34,17,'enrolled'),
(95,41,17,'enrolled'),
(96,42,17,'enrolled'),
(97,49,17,'enrolled'),
(98,63,17,'enrolled'),
(99,67,17,'enrolled'),
(100,79,17,'enrolled'),
(101,83,17,'enrolled'),
-- Section 18 enrollments (PH101 Fall)
(102,29,18,'enrolled'),
(103,30,18,'enrolled'),
(104,37,18,'enrolled'),
(105,38,18,'enrolled'),
(106,45,18,'enrolled'),
(107,46,18,'enrolled'),
(108,61,18,'enrolled'),
(109,65,18,'enrolled'),
(110,69,18,'enrolled'),
(111,77,18,'enrolled'),
(112,81,18,'enrolled'),
(113,85,18,'enrolled'),
-- Section 19 enrollments (PH102 Fall)
(114,31,19,'enrolled'),
(115,32,19,'enrolled'),
(116,39,19,'enrolled'),
(117,40,19,'enrolled'),
(118,47,19,'enrolled'),
(119,48,19,'enrolled'),
(120,62,19,'enrolled'),
(121,66,19,'enrolled'),
(122,70,19,'enrolled'),
(123,78,19,'enrolled'),
(124,82,19,'enrolled'),
(125,86,19,'enrolled'),
-- Section 20 enrollments (ME101 Fall)
(126,45,20,'enrolled'),
(127,46,20,'enrolled'),
(128,69,20,'enrolled'),
(129,85,20,'enrolled'),
-- Section 21 enrollments (ME101 Fall)
(130,47,21,'enrolled'),
(131,48,21,'enrolled'),
(132,70,21,'enrolled'),
(133,86,21,'enrolled'),
-- Section 22 enrollments (CH101 Fall)
(134,29,22,'enrolled'),
(135,30,22,'enrolled'),
(136,37,22,'enrolled'),
(137,38,22,'enrolled'),
(138,45,22,'enrolled'),
(139,46,22,'enrolled'),
(140,61,22,'enrolled'),
(141,65,22,'enrolled'),
(142,69,22,'enrolled'),
(143,77,22,'enrolled'),
(144,81,22,'enrolled'),
(145,85,22,'enrolled'),
(146,93,22,'enrolled'),
-- Section 23 enrollments (HS101 Fall)
(147,29,23,'enrolled'),
(148,30,23,'enrolled'),
(149,31,23,'enrolled'),
(150,37,23,'enrolled'),
(151,38,23,'enrolled'),
(152,39,23,'enrolled'),
(153,45,23,'enrolled'),
(154,46,23,'enrolled'),
(155,47,23,'enrolled'),
(156,61,23,'enrolled'),
(157,65,23,'enrolled'),
(158,69,23,'enrolled'),
(159,77,23,'enrolled'),
(160,81,23,'enrolled'),
(161,85,23,'enrolled'),
-- Section 24 enrollments (MG101 Fall)
(162,35,24,'enrolled'),
(163,36,24,'enrolled'),
(164,43,24,'enrolled'),
(165,44,24,'enrolled'),
(166,51,24,'enrolled'),
(167,52,24,'enrolled'),
(168,64,24,'enrolled'),
(169,68,24,'enrolled'),
(170,72,24,'enrolled'),
(171,80,24,'enrolled'),
(172,84,24,'enrolled'),
(173,88,24,'enrolled'),
-- Section 25 enrollments (CS401 ML Fall)
(174,4,25,'enrolled'),
(175,35,25,'enrolled'),
(176,36,25,'enrolled'),
(177,53,25,'enrolled'),
(178,54,25,'enrolled'),
(179,64,25,'enrolled'),
(180,73,25,'enrolled'),
(181,80,25,'enrolled'),
(182,89,25,'enrolled'),
(183,96,25,'enrolled'),
-- Spring semester enrollments (sections 26-40)
(184,29,26,'enrolled'),
(185,30,26,'enrolled'),
(186,61,26,'enrolled'),
(187,77,26,'enrolled'),
(188,93,26,'enrolled'),
(189,31,27,'enrolled'),
(190,32,27,'enrolled'),
(191,62,27,'enrolled'),
(192,78,27,'enrolled'),
(193,33,28,'enrolled'),
(194,34,28,'enrolled'),
(195,63,28,'enrolled'),
(196,79,28,'enrolled'),
(197,35,29,'enrolled'),
(198,36,29,'enrolled'),
(199,64,29,'enrolled'),
(200,80,29,'enrolled'),
(201,35,30,'enrolled'),
(202,36,30,'enrolled'),
(203,64,30,'enrolled'),
(204,80,30,'enrolled'),
(205,37,31,'enrolled'),
(206,38,31,'enrolled'),
(207,65,31,'enrolled'),
(208,81,31,'enrolled'),
(209,39,32,'enrolled'),
(210,40,32,'enrolled'),
(211,66,32,'enrolled'),
(212,82,32,'enrolled'),
(213,29,33,'enrolled'),
(214,30,33,'enrolled'),
(215,37,33,'enrolled'),
(216,61,33,'enrolled'),
(217,31,34,'enrolled'),
(218,32,34,'enrolled'),
(219,39,34,'enrolled'),
(220,62,34,'enrolled'),
(221,29,35,'enrolled'),
(222,30,35,'enrolled'),
(223,37,35,'enrolled'),
(224,61,35,'enrolled'),
(225,31,36,'enrolled'),
(226,32,36,'enrolled'),
(227,39,36,'enrolled'),
(228,62,36,'enrolled'),
(229,45,37,'enrolled'),
(230,46,37,'enrolled'),
(231,69,37,'enrolled'),
(232,85,37,'enrolled'),
(233,29,38,'enrolled'),
(234,30,38,'enrolled'),
(235,37,38,'enrolled'),
(236,61,38,'enrolled'),
(237,29,39,'enrolled'),
(238,30,39,'enrolled'),
(239,31,39,'enrolled'),
(240,37,39,'enrolled'),
(241,4,40,'enrolled'),
(242,53,40,'enrolled'),
(243,54,40,'enrolled'),
(244,73,40,'enrolled'),
(245,89,40,'enrolled'),
(246,55,8,'enrolled'),
(247,74,8,'enrolled'),
(248,90,8,'enrolled'),
(249,57,13,'enrolled'),
(250,75,13,'enrolled');

-- Grades (sample grades for first 50 enrollments)
DELETE FROM `grades` WHERE enrollment_id BETWEEN 1 AND 50;
INSERT INTO `grades` (grade_id, enrollment_id, component, score, final_grade) VALUES
-- Enrollment 1 grades
(1,1,'quiz (20)',16.00,'B'),
(2,1,'midsem (30)',20.00,'B'),
(3,1,'endsem (50)',40.00,'B'),
-- Enrollment 2 grades
(4,2,'quiz (20)',18.00,'A'),
(5,2,'midsem (30)',27.00,'A'),
(6,2,'endsem (50)',45.00,'A'),
-- Enrollment 3 grades
(7,3,'quiz (20)',14.00,'C'),
(8,3,'midsem (30)',18.00,'C'),
(9,3,'endsem (50)',35.00,'C'),
-- Enrollment 4 grades
(10,4,'quiz (20)',19.00,'A'),
(11,4,'midsem (30)',28.00,'A'),
(12,4,'endsem (50)',48.00,'A'),
-- Enrollment 5 grades
(13,5,'quiz (20)',17.00,'B'),
(14,5,'midsem (30)',24.00,'B'),
(15,5,'endsem (50)',42.00,'B'),
-- Enrollment 6 grades
(16,6,'quiz (20)',15.00,'B'),
(17,6,'midsem (30)',22.00,'B'),
(18,6,'endsem (50)',38.00,'B'),
-- Enrollment 7 grades
(19,7,'quiz (20)',18.00,'A'),
(20,7,'midsem (30)',26.00,'A'),
(21,7,'endsem (50)',44.00,'A'),
-- Enrollment 8 grades
(22,8,'quiz (20)',16.00,'B'),
(23,8,'midsem (30)',23.00,'B'),
(24,8,'endsem (50)',40.00,'B'),
-- Enrollment 9 grades
(25,9,'quiz (20)',17.00,'B'),
(26,9,'midsem (30)',25.00,'B'),
(27,9,'endsem (50)',41.00,'B'),
-- Enrollment 10 grades
(28,10,'quiz (20)',19.00,'A'),
(29,10,'midsem (30)',29.00,'A'),
(30,10,'endsem (50)',47.00,'A'),
-- Enrollment 11 grades
(31,11,'quiz (20)',16.00,'B'),
(32,11,'midsem (30)',24.00,'B'),
(33,11,'endsem (50)',39.00,'B'),
-- Enrollment 12 grades
(34,12,'quiz (20)',18.00,'A'),
(35,12,'midsem (30)',27.00,'A'),
(36,12,'endsem (50)',46.00,'A'),
-- Enrollment 13 grades
(37,13,'quiz (20)',15.00,'B'),
(38,13,'midsem (30)',21.00,'B'),
(39,13,'endsem (50)',37.00,'B'),
-- Enrollment 14 grades
(40,14,'quiz (20)',17.00,'B'),
(41,14,'midsem (30)',25.00,'B'),
(42,14,'endsem (50)',43.00,'B'),
-- Enrollment 15 grades
(43,15,'quiz (20)',16.00,'B'),
(44,15,'midsem (30)',20.00,'B'),
(45,15,'endsem (50)',40.00,'B'),
-- Enrollment 16 grades
(46,16,'quiz (20)',19.00,'A'),
(47,16,'midsem (30)',28.00,'A'),
(48,16,'endsem (50)',48.00,'A'),
-- Enrollment 17 grades
(49,17,'quiz (20)',14.00,'C'),
(50,17,'midsem (30)',19.00,'C'),
(51,17,'endsem (50)',36.00,'C'),
-- Enrollment 18 grades
(52,18,'quiz (20)',18.00,'A'),
(53,18,'midsem (30)',26.00,'A'),
(54,18,'endsem (50)',45.00,'A'),
-- Enrollment 19 grades
(55,19,'quiz (20)',17.00,'B'),
(56,19,'midsem (30)',24.00,'B'),
(57,19,'endsem (50)',41.00,'B'),
-- Enrollment 20 grades
(58,20,'quiz (20)',16.00,'B'),
(59,20,'midsem (30)',23.00,'B'),
(60,20,'endsem (50)',39.00,'B'),
-- Enrollment 21 grades
(61,21,'quiz (20)',18.00,'A'),
(62,21,'midsem (30)',27.00,'A'),
(63,21,'endsem (50)',44.00,'A'),
-- Enrollment 22 grades
(64,22,'quiz (20)',15.00,'B'),
(65,22,'midsem (30)',22.00,'B'),
(66,22,'endsem (50)',38.00,'B'),
-- Enrollment 23 grades
(67,23,'quiz (20)',19.00,'A'),
(68,23,'midsem (30)',28.00,'A'),
(69,23,'endsem (50)',47.00,'A'),
-- Enrollment 24 grades
(70,24,'quiz (20)',17.00,'B'),
(71,24,'midsem (30)',25.00,'B'),
(72,24,'endsem (50)',42.00,'B'),
-- Enrollment 25 grades
(73,25,'quiz (20)',16.00,'B'),
(74,25,'midsem (30)',24.00,'B'),
(75,25,'endsem (50)',40.00,'B'),
-- Enrollment 26 grades
(76,26,'quiz (20)',18.00,'A'),
(77,26,'midsem (30)',26.00,'A'),
(78,26,'endsem (50)',45.00,'A'),
-- Enrollment 27 grades
(79,27,'quiz (20)',19.00,'A'),
(80,27,'midsem (30)',29.00,'A'),
(81,27,'endsem (50)',48.00,'A'),
-- Enrollment 28 grades
(82,28,'quiz (20)',17.00,'B'),
(83,28,'midsem (30)',24.00,'B'),
(84,28,'endsem (50)',41.00,'B'),
-- Enrollment 29 grades
(85,29,'quiz (20)',16.00,'B'),
(86,29,'midsem (30)',23.00,'B'),
(87,29,'endsem (50)',39.00,'B'),
-- Enrollment 30 grades
(88,30,'quiz (20)',18.00,'A'),
(89,30,'midsem (30)',27.00,'A'),
(90,30,'endsem (50)',46.00,'A'),
-- Enrollment 31 grades
(91,31,'quiz (20)',19.00,'A'),
(92,31,'midsem (30)',28.00,'A'),
(93,31,'endsem (50)',47.00,'A'),
-- Enrollment 32 grades
(94,32,'quiz (20)',15.00,'B'),
(95,32,'midsem (30)',22.00,'B'),
(96,32,'endsem (50)',38.00,'B'),
-- Enrollment 33 grades
(97,33,'quiz (20)',17.00,'B'),
(98,33,'midsem (30)',25.00,'B'),
(99,33,'endsem (50)',42.00,'B'),
-- Enrollment 34 grades
(100,34,'quiz (20)',18.00,'A'),
(101,34,'midsem (30)',26.00,'A'),
(102,34,'endsem (50)',44.00,'A'),
-- Enrollment 35 grades
(103,35,'quiz (20)',16.00,'B'),
(104,35,'midsem (30)',24.00,'B'),
(105,35,'endsem (50)',40.00,'B'),
-- Enrollment 36 grades
(106,36,'quiz (20)',19.00,'A'),
(107,36,'midsem (30)',29.00,'A'),
(108,36,'endsem (50)',48.00,'A'),
-- Enrollment 37 grades
(109,37,'quiz (20)',17.00,'B'),
(110,37,'midsem (30)',25.00,'B'),
(111,37,'endsem (50)',41.00,'B'),
-- Enrollment 38 grades
(112,38,'quiz (20)',18.00,'A'),
(113,38,'midsem (30)',27.00,'A'),
(114,38,'endsem (50)',45.00,'A'),
-- Enrollment 39 grades
(115,39,'quiz (20)',16.00,'B'),
(116,39,'midsem (30)',23.00,'B'),
(117,39,'endsem (50)',39.00,'B'),
-- Enrollment 40 grades
(118,40,'quiz (20)',19.00,'A'),
(119,40,'midsem (30)',28.00,'A'),
(120,40,'endsem (50)',47.00,'A'),
-- Enrollment 41 grades
(121,41,'quiz (20)',15.00,'B'),
(122,41,'midsem (30)',22.00,'B'),
(123,41,'endsem (50)',38.00,'B'),
-- Enrollment 42 grades
(124,42,'quiz (20)',17.00,'B'),
(125,42,'midsem (30)',24.00,'B'),
(126,42,'endsem (50)',41.00,'B'),
-- Enrollment 43 grades
(127,43,'quiz (20)',18.00,'A'),
(128,43,'midsem (30)',26.00,'A'),
(129,43,'endsem (50)',44.00,'A'),
-- Enrollment 44 grades
(130,44,'quiz (20)',16.00,'B'),
(131,44,'midsem (30)',23.00,'B'),
(132,44,'endsem (50)',40.00,'B'),
-- Enrollment 45 grades
(133,45,'quiz (20)',19.00,'A'),
(134,45,'midsem (30)',29.00,'A'),
(135,45,'endsem (50)',48.00,'A'),
-- Enrollment 46 grades
(136,46,'quiz (20)',17.00,'B'),
(137,46,'midsem (30)',25.00,'B'),
(138,46,'endsem (50)',42.00,'B'),
-- Enrollment 47 grades
(139,47,'quiz (20)',18.00,'A'),
(140,47,'midsem (30)',27.00,'A'),
(141,47,'endsem (50)',45.00,'A'),
-- Enrollment 48 grades
(142,48,'quiz (20)',16.00,'B'),
(143,48,'midsem (30)',24.00,'B'),
(144,48,'endsem (50)',40.00,'B'),
-- Enrollment 49 grades
(145,49,'quiz (20)',19.00,'A'),
(146,49,'midsem (30)',28.00,'A'),
(147,49,'endsem (50)',46.00,'A'),
-- Enrollment 50 grades
(148,50,'quiz (20)',15.00,'B'),
(149,50,'midsem (30)',21.00,'B'),
(150,50,'endsem (50)',37.00,'B');

-- AUTH DB users (100 total: 5 admins, 25 instructors, 70 students)
CREATE DATABASE IF NOT EXISTS `auth_db`;
USE `auth_db`;

DELETE FROM `users_auth` WHERE user_id BETWEEN 1 AND 100;
-- Admins (user_ids 1, 97-100)
-- Admin passwords use same hash as admin1 for demo purposes
INSERT INTO `users_auth` (user_id, username, role, password_hash, status) VALUES
(1,'admin1','Admin','$2a$10$Cl/ea9o74nAUqSwI8/wygulY/hYeDPgdXx4IllnznsivOPPMFs8uC','active'),
(97,'admin2','Admin','$2a$10$Cl/ea9o74nAUqSwI8/wygulY/hYeDPgdXx4IllnznsivOPPMFs8uC','active'),
(98,'admin3','Admin','$2a$10$Cl/ea9o74nAUqSwI8/wygulY/hYeDPgdXx4IllnznsivOPPMFs8uC','active'),
(99,'admin4','Admin','$2a$10$Cl/ea9o74nAUqSwI8/wygulY/hYeDPgdXx4IllnznsivOPPMFs8uC','active'),
(100,'admin5','Admin','$2a$10$Cl/ea9o74nAUqSwI8/wygulY/hYeDPgdXx4IllnznsivOPPMFs8uC','active');

-- Instructors (user_ids 2, 5-28)
-- Instructor passwords use same hash as inst1 for demo purposes
INSERT INTO `users_auth` (user_id, username, role, password_hash, status) VALUES
(2,'inst1','Instructor','$2a$10$l3/zG/VL24/ZsrifJbGZL.4o/nHzp2lEW4jcqtMK7YGBjIQEqI0XK','active'),
(5,'inst2','Instructor','$2a$10$l3/zG/VL24/ZsrifJbGZL.4o/nHzp2lEW4jcqtMK7YGBjIQEqI0XK','active'),
(6,'inst3','Instructor','$2a$10$l3/zG/VL24/ZsrifJbGZL.4o/nHzp2lEW4jcqtMK7YGBjIQEqI0XK','active'),
(7,'inst4','Instructor','$2a$10$l3/zG/VL24/ZsrifJbGZL.4o/nHzp2lEW4jcqtMK7YGBjIQEqI0XK','active'),
(8,'inst5','Instructor','$2a$10$l3/zG/VL24/ZsrifJbGZL.4o/nHzp2lEW4jcqtMK7YGBjIQEqI0XK','active'),
(9,'inst6','Instructor','$2a$10$l3/zG/VL24/ZsrifJbGZL.4o/nHzp2lEW4jcqtMK7YGBjIQEqI0XK','active'),
(10,'inst7','Instructor','$2a$10$l3/zG/VL24/ZsrifJbGZL.4o/nHzp2lEW4jcqtMK7YGBjIQEqI0XK','active'),
(11,'inst8','Instructor','$2a$10$l3/zG/VL24/ZsrifJbGZL.4o/nHzp2lEW4jcqtMK7YGBjIQEqI0XK','active'),
(12,'inst9','Instructor','$2a$10$l3/zG/VL24/ZsrifJbGZL.4o/nHzp2lEW4jcqtMK7YGBjIQEqI0XK','active'),
(13,'inst10','Instructor','$2a$10$l3/zG/VL24/ZsrifJbGZL.4o/nHzp2lEW4jcqtMK7YGBjIQEqI0XK','active'),
(14,'inst11','Instructor','$2a$10$l3/zG/VL24/ZsrifJbGZL.4o/nHzp2lEW4jcqtMK7YGBjIQEqI0XK','active'),
(15,'inst12','Instructor','$2a$10$l3/zG/VL24/ZsrifJbGZL.4o/nHzp2lEW4jcqtMK7YGBjIQEqI0XK','active'),
(16,'inst13','Instructor','$2a$10$l3/zG/VL24/ZsrifJbGZL.4o/nHzp2lEW4jcqtMK7YGBjIQEqI0XK','active'),
(17,'inst14','Instructor','$2a$10$l3/zG/VL24/ZsrifJbGZL.4o/nHzp2lEW4jcqtMK7YGBjIQEqI0XK','active'),
(18,'inst15','Instructor','$2a$10$l3/zG/VL24/ZsrifJbGZL.4o/nHzp2lEW4jcqtMK7YGBjIQEqI0XK','active'),
(19,'inst16','Instructor','$2a$10$l3/zG/VL24/ZsrifJbGZL.4o/nHzp2lEW4jcqtMK7YGBjIQEqI0XK','active'),
(20,'inst17','Instructor','$2a$10$l3/zG/VL24/ZsrifJbGZL.4o/nHzp2lEW4jcqtMK7YGBjIQEqI0XK','active'),
(21,'inst18','Instructor','$2a$10$l3/zG/VL24/ZsrifJbGZL.4o/nHzp2lEW4jcqtMK7YGBjIQEqI0XK','active'),
(22,'inst19','Instructor','$2a$10$l3/zG/VL24/ZsrifJbGZL.4o/nHzp2lEW4jcqtMK7YGBjIQEqI0XK','active'),
(23,'inst20','Instructor','$2a$10$l3/zG/VL24/ZsrifJbGZL.4o/nHzp2lEW4jcqtMK7YGBjIQEqI0XK','active'),
(24,'inst21','Instructor','$2a$10$l3/zG/VL24/ZsrifJbGZL.4o/nHzp2lEW4jcqtMK7YGBjIQEqI0XK','active'),
(25,'inst22','Instructor','$2a$10$l3/zG/VL24/ZsrifJbGZL.4o/nHzp2lEW4jcqtMK7YGBjIQEqI0XK','active'),
(26,'inst23','Instructor','$2a$10$l3/zG/VL24/ZsrifJbGZL.4o/nHzp2lEW4jcqtMK7YGBjIQEqI0XK','active'),
(27,'inst24','Instructor','$2a$10$l3/zG/VL24/ZsrifJbGZL.4o/nHzp2lEW4jcqtMK7YGBjIQEqI0XK','active'),
(28,'inst25','Instructor','$2a$10$l3/zG/VL24/ZsrifJbGZL.4o/nHzp2lEW4jcqtMK7YGBjIQEqI0XK','active');

-- Students (user_ids 3, 4, 29-96)
-- Student passwords use same hash as stu1/stu2 for demo purposes
INSERT INTO `users_auth` (user_id, username, role, password_hash, status) VALUES
(3,'stu1','Student','$2a$10$Bbq0JcAVO/9TMeP0jQSEt.cUo1zSSrSSwzqpv3.f2rQYXECtfjNoa','active'),
(4,'stu2','Student','$2a$10$92AIx9aLDwg8Tk3bD.3GCOpQ.Y/n.eZrMxZjb.JL/t9fh/BGh2Cny','active'),
(29,'stu3','Student','$2a$10$Bbq0JcAVO/9TMeP0jQSEt.cUo1zSSrSSwzqpv3.f2rQYXECtfjNoa','active'),
(30,'stu4','Student','$2a$10$Bbq0JcAVO/9TMeP0jQSEt.cUo1zSSrSSwzqpv3.f2rQYXECtfjNoa','active'),
(31,'stu5','Student','$2a$10$Bbq0JcAVO/9TMeP0jQSEt.cUo1zSSrSSwzqpv3.f2rQYXECtfjNoa','active'),
(32,'stu6','Student','$2a$10$Bbq0JcAVO/9TMeP0jQSEt.cUo1zSSrSSwzqpv3.f2rQYXECtfjNoa','active'),
(33,'stu7','Student','$2a$10$Bbq0JcAVO/9TMeP0jQSEt.cUo1zSSrSSwzqpv3.f2rQYXECtfjNoa','active'),
(34,'stu8','Student','$2a$10$Bbq0JcAVO/9TMeP0jQSEt.cUo1zSSrSSwzqpv3.f2rQYXECtfjNoa','active'),
(35,'stu9','Student','$2a$10$Bbq0JcAVO/9TMeP0jQSEt.cUo1zSSrSSwzqpv3.f2rQYXECtfjNoa','active'),
(36,'stu10','Student','$2a$10$Bbq0JcAVO/9TMeP0jQSEt.cUo1zSSrSSwzqpv3.f2rQYXECtfjNoa','active'),
(37,'stu11','Student','$2a$10$Bbq0JcAVO/9TMeP0jQSEt.cUo1zSSrSSwzqpv3.f2rQYXECtfjNoa','active'),
(38,'stu12','Student','$2a$10$Bbq0JcAVO/9TMeP0jQSEt.cUo1zSSrSSwzqpv3.f2rQYXECtfjNoa','active'),
(39,'stu13','Student','$2a$10$Bbq0JcAVO/9TMeP0jQSEt.cUo1zSSrSSwzqpv3.f2rQYXECtfjNoa','active'),
(40,'stu14','Student','$2a$10$Bbq0JcAVO/9TMeP0jQSEt.cUo1zSSrSSwzqpv3.f2rQYXECtfjNoa','active'),
(41,'stu15','Student','$2a$10$Bbq0JcAVO/9TMeP0jQSEt.cUo1zSSrSSwzqpv3.f2rQYXECtfjNoa','active'),
(42,'stu16','Student','$2a$10$Bbq0JcAVO/9TMeP0jQSEt.cUo1zSSrSSwzqpv3.f2rQYXECtfjNoa','active'),
(43,'stu17','Student','$2a$10$Bbq0JcAVO/9TMeP0jQSEt.cUo1zSSrSSwzqpv3.f2rQYXECtfjNoa','active'),
(44,'stu18','Student','$2a$10$Bbq0JcAVO/9TMeP0jQSEt.cUo1zSSrSSwzqpv3.f2rQYXECtfjNoa','active'),
(45,'stu19','Student','$2a$10$Bbq0JcAVO/9TMeP0jQSEt.cUo1zSSrSSwzqpv3.f2rQYXECtfjNoa','active'),
(46,'stu20','Student','$2a$10$Bbq0JcAVO/9TMeP0jQSEt.cUo1zSSrSSwzqpv3.f2rQYXECtfjNoa','active'),
(47,'stu21','Student','$2a$10$Bbq0JcAVO/9TMeP0jQSEt.cUo1zSSrSSwzqpv3.f2rQYXECtfjNoa','active'),
(48,'stu22','Student','$2a$10$Bbq0JcAVO/9TMeP0jQSEt.cUo1zSSrSSwzqpv3.f2rQYXECtfjNoa','active'),
(49,'stu23','Student','$2a$10$Bbq0JcAVO/9TMeP0jQSEt.cUo1zSSrSSwzqpv3.f2rQYXECtfjNoa','active'),
(50,'stu24','Student','$2a$10$Bbq0JcAVO/9TMeP0jQSEt.cUo1zSSrSSwzqpv3.f2rQYXECtfjNoa','active'),
(51,'stu25','Student','$2a$10$Bbq0JcAVO/9TMeP0jQSEt.cUo1zSSrSSwzqpv3.f2rQYXECtfjNoa','active'),
(52,'stu26','Student','$2a$10$Bbq0JcAVO/9TMeP0jQSEt.cUo1zSSrSSwzqpv3.f2rQYXECtfjNoa','active'),
(53,'stu27','Student','$2a$10$Bbq0JcAVO/9TMeP0jQSEt.cUo1zSSrSSwzqpv3.f2rQYXECtfjNoa','active'),
(54,'stu28','Student','$2a$10$Bbq0JcAVO/9TMeP0jQSEt.cUo1zSSrSSwzqpv3.f2rQYXECtfjNoa','active'),
(55,'stu29','Student','$2a$10$Bbq0JcAVO/9TMeP0jQSEt.cUo1zSSrSSwzqpv3.f2rQYXECtfjNoa','active'),
(56,'stu30','Student','$2a$10$Bbq0JcAVO/9TMeP0jQSEt.cUo1zSSrSSwzqpv3.f2rQYXECtfjNoa','active'),
(57,'stu31','Student','$2a$10$Bbq0JcAVO/9TMeP0jQSEt.cUo1zSSrSSwzqpv3.f2rQYXECtfjNoa','active'),
(58,'stu32','Student','$2a$10$Bbq0JcAVO/9TMeP0jQSEt.cUo1zSSrSSwzqpv3.f2rQYXECtfjNoa','active'),
(59,'stu33','Student','$2a$10$Bbq0JcAVO/9TMeP0jQSEt.cUo1zSSrSSwzqpv3.f2rQYXECtfjNoa','active'),
(60,'stu34','Student','$2a$10$Bbq0JcAVO/9TMeP0jQSEt.cUo1zSSrSSwzqpv3.f2rQYXECtfjNoa','active'),
(61,'stu35','Student','$2a$10$Bbq0JcAVO/9TMeP0jQSEt.cUo1zSSrSSwzqpv3.f2rQYXECtfjNoa','active'),
(62,'stu36','Student','$2a$10$Bbq0JcAVO/9TMeP0jQSEt.cUo1zSSrSSwzqpv3.f2rQYXECtfjNoa','active'),
(63,'stu37','Student','$2a$10$Bbq0JcAVO/9TMeP0jQSEt.cUo1zSSrSSwzqpv3.f2rQYXECtfjNoa','active'),
(64,'stu38','Student','$2a$10$Bbq0JcAVO/9TMeP0jQSEt.cUo1zSSrSSwzqpv3.f2rQYXECtfjNoa','active'),
(65,'stu39','Student','$2a$10$Bbq0JcAVO/9TMeP0jQSEt.cUo1zSSrSSwzqpv3.f2rQYXECtfjNoa','active'),
(66,'stu40','Student','$2a$10$Bbq0JcAVO/9TMeP0jQSEt.cUo1zSSrSSwzqpv3.f2rQYXECtfjNoa','active'),
(67,'stu41','Student','$2a$10$Bbq0JcAVO/9TMeP0jQSEt.cUo1zSSrSSwzqpv3.f2rQYXECtfjNoa','active'),
(68,'stu42','Student','$2a$10$Bbq0JcAVO/9TMeP0jQSEt.cUo1zSSrSSwzqpv3.f2rQYXECtfjNoa','active'),
(69,'stu43','Student','$2a$10$Bbq0JcAVO/9TMeP0jQSEt.cUo1zSSrSSwzqpv3.f2rQYXECtfjNoa','active'),
(70,'stu44','Student','$2a$10$Bbq0JcAVO/9TMeP0jQSEt.cUo1zSSrSSwzqpv3.f2rQYXECtfjNoa','active'),
(71,'stu45','Student','$2a$10$Bbq0JcAVO/9TMeP0jQSEt.cUo1zSSrSSwzqpv3.f2rQYXECtfjNoa','active'),
(72,'stu46','Student','$2a$10$Bbq0JcAVO/9TMeP0jQSEt.cUo1zSSrSSwzqpv3.f2rQYXECtfjNoa','active'),
(73,'stu47','Student','$2a$10$Bbq0JcAVO/9TMeP0jQSEt.cUo1zSSrSSwzqpv3.f2rQYXECtfjNoa','active'),
(74,'stu48','Student','$2a$10$Bbq0JcAVO/9TMeP0jQSEt.cUo1zSSrSSwzqpv3.f2rQYXECtfjNoa','active'),
(75,'stu49','Student','$2a$10$Bbq0JcAVO/9TMeP0jQSEt.cUo1zSSrSSwzqpv3.f2rQYXECtfjNoa','active'),
(76,'stu50','Student','$2a$10$Bbq0JcAVO/9TMeP0jQSEt.cUo1zSSrSSwzqpv3.f2rQYXECtfjNoa','active'),
(77,'stu51','Student','$2a$10$Bbq0JcAVO/9TMeP0jQSEt.cUo1zSSrSSwzqpv3.f2rQYXECtfjNoa','active'),
(78,'stu52','Student','$2a$10$Bbq0JcAVO/9TMeP0jQSEt.cUo1zSSrSSwzqpv3.f2rQYXECtfjNoa','active'),
(79,'stu53','Student','$2a$10$Bbq0JcAVO/9TMeP0jQSEt.cUo1zSSrSSwzqpv3.f2rQYXECtfjNoa','active'),
(80,'stu54','Student','$2a$10$Bbq0JcAVO/9TMeP0jQSEt.cUo1zSSrSSwzqpv3.f2rQYXECtfjNoa','active'),
(81,'stu55','Student','$2a$10$Bbq0JcAVO/9TMeP0jQSEt.cUo1zSSrSSwzqpv3.f2rQYXECtfjNoa','active'),
(82,'stu56','Student','$2a$10$Bbq0JcAVO/9TMeP0jQSEt.cUo1zSSrSSwzqpv3.f2rQYXECtfjNoa','active'),
(83,'stu57','Student','$2a$10$Bbq0JcAVO/9TMeP0jQSEt.cUo1zSSrSSwzqpv3.f2rQYXECtfjNoa','active'),
(84,'stu58','Student','$2a$10$Bbq0JcAVO/9TMeP0jQSEt.cUo1zSSrSSwzqpv3.f2rQYXECtfjNoa','active'),
(85,'stu59','Student','$2a$10$Bbq0JcAVO/9TMeP0jQSEt.cUo1zSSrSSwzqpv3.f2rQYXECtfjNoa','active'),
(86,'stu60','Student','$2a$10$Bbq0JcAVO/9TMeP0jQSEt.cUo1zSSrSSwzqpv3.f2rQYXECtfjNoa','active'),
(87,'stu61','Student','$2a$10$Bbq0JcAVO/9TMeP0jQSEt.cUo1zSSrSSwzqpv3.f2rQYXECtfjNoa','active'),
(88,'stu62','Student','$2a$10$Bbq0JcAVO/9TMeP0jQSEt.cUo1zSSrSSwzqpv3.f2rQYXECtfjNoa','active'),
(89,'stu63','Student','$2a$10$Bbq0JcAVO/9TMeP0jQSEt.cUo1zSSrSSwzqpv3.f2rQYXECtfjNoa','active'),
(90,'stu64','Student','$2a$10$Bbq0JcAVO/9TMeP0jQSEt.cUo1zSSrSSwzqpv3.f2rQYXECtfjNoa','active'),
(91,'stu65','Student','$2a$10$Bbq0JcAVO/9TMeP0jQSEt.cUo1zSSrSSwzqpv3.f2rQYXECtfjNoa','active'),
(92,'stu66','Student','$2a$10$Bbq0JcAVO/9TMeP0jQSEt.cUo1zSSrSSwzqpv3.f2rQYXECtfjNoa','active'),
(93,'stu67','Student','$2a$10$Bbq0JcAVO/9TMeP0jQSEt.cUo1zSSrSSwzqpv3.f2rQYXECtfjNoa','active'),
(94,'stu68','Student','$2a$10$Bbq0JcAVO/9TMeP0jQSEt.cUo1zSSrSSwzqpv3.f2rQYXECtfjNoa','active'),
(95,'stu69','Student','$2a$10$Bbq0JcAVO/9TMeP0jQSEt.cUo1zSSrSSwzqpv3.f2rQYXECtfjNoa','active'),
(96,'stu70','Student','$2a$10$Bbq0JcAVO/9TMeP0jQSEt.cUo1zSSrSSwzqpv3.f2rQYXECtfjNoa','active');
SET FOREIGN_KEY_CHECKS = 1;

-- Note that 
-- 1) This long seed assumes the schema (tables and constraints) is already applied from db_schema.sql.
-- 2) To load: run db_schema.sql first, then this long_seed.sql
-- 3) All passwords use the same bcrypt hashes from the short seed for demo purposes
-- 4) 100 users total: admin1-admin5 (ids 1,97-100), inst1-inst25 (ids 2,5-28), stu1-stu70 (ids 3,4,29-96)
-- 5) 20 courses across multiple departments
-- 6) 40 sections (20 Fall, 20 Spring)
-- 7) 250 enrollments with varied student-section assignments
-- 8) 150 grade records for the first 50 enrollments (can be extended as needed)